,sequence,mhc,bind
0,HLPETKFSEL,B*07:02,1.0
1,NAPWAVTSL,B*07:02,1.0
2,PPYTVVYFPVRGR,B*07:02,1.0
3,PVPEEEEGFEGGD,B*07:02,1.0
4,TFTVTEKPEVID,B*07:02,1.0
5,VNLPINGNGKQ,B*07:02,1.0
6,AGFAGDDAPR,B*07:02,1.0
7,NVKVDPEIQ,B*07:02,1.0
8,YLPDGTASL,B*07:02,1.0
9,IAPTGHSL,B*07:02,1.0
10,RLREVSEKL,B*07:02,1.0
11,TTTEAVDAATAE,B*07:02,1.0
12,TVTEKPEVID,B*07:02,1.0
13,SIPGGYNAL,B*07:02,1.0
14,DSYVGDEAQSK,B*07:02,1.0
15,GVWTYDDATKTF,B*07:02,1.0
16,LGEYGFQNALIVR,B*07:02,1.0
17,AVAKHFVAL,B*07:02,1.0
18,DPFNPFELTNH,B*07:02,1.0
19,ESGPSIVH,B*07:02,1.0
20,STGGAPTFNVTVTK,B*07:02,1.0
21,ADLINNLGTIAK,B*07:02,1.0
22,ASGPPVSELITK,B*07:02,1.0
23,FLASVSTVLTSK,B*07:02,1.0
24,LRVDPVNFK,B*07:02,1.0
25,YIDQEELNK,B*07:02,1.0
26,DIAALVVD,B*07:02,1.0
27,ILLAELEQLK,B*07:02,1.0
28,KLVAASQAALGL,B*07:02,1.0
29,KVPQVSTPTLVEVSR,B*07:02,1.0
30,LVAASQAALGL,B*07:02,1.0
31,LVNEVTEFAK,B*07:02,1.0
32,LVRYTKKVPQVSTPT,B*07:02,1.0
33,PAYHSSLMD,B*07:02,1.0
34,TAFQEALDAAGDK,B*07:02,1.0
35,VHLTPEEKSAVTAL,B*07:02,1.0
36,VNVDEVGGEALGR,B*07:02,1.0
37,VRYTKKVPQVSTPT,B*07:02,1.0
38,YLAPNNLKPVVAE,B*07:02,1.0
39,KVREEFKEL,B*07:02,1.0
40,TVMGAEIRHVL,B*07:02,1.0
41,RVAEFHTEL,B*07:02,1.0
42,AAAGPGAAL,B*07:02,1.0
43,AAERRGPL,B*07:02,1.0
44,AALSPSSGQRL,B*07:02,1.0
45,AAMAGRLMI,B*07:02,1.0
46,AASEKRLHAL,B*07:02,1.0
47,AGTPSPIQL,B*07:02,1.0
48,AIIRDRAAL,B*07:02,1.0
49,ALAPALSAP,B*07:02,1.0
50,APAAIPAL,B*07:02,1.0
51,APAAYPREVAL,B*07:02,1.0
52,APAGGAGAL,B*07:02,1.0
53,APAGSIISL,B*07:02,1.0
54,APAPGAPLL,B*07:02,1.0
55,APAPGAPLLPL,B*07:02,1.0
56,APAPSRGSVQV,B*07:02,1.0
57,APAPSRGSVQVAL,B*07:02,1.0
58,APDAAPAPASI,B*07:02,1.0
59,APDGLPAL,B*07:02,1.0
60,APEGAAAGDGGRVAL,B*07:02,1.0
61,APFGLKPRSV,B*07:02,1.0
62,APFLRIAF,B*07:02,1.0
63,APGDYGRQAL,B*07:02,1.0
64,APGEPGSAF,B*07:02,1.0
65,APGGGPGTL,B*07:02,1.0
66,APGGTGIVSA,B*07:02,1.0
67,APGIIPRISV,B*07:02,1.0
68,APGPGLLL,B*07:02,1.0
69,APGPGPASARAQL,B*07:02,1.0
70,APGQGGIL,B*07:02,1.0
71,APHDYGLIL,B*07:02,1.0
72,APHEILIQI,B*07:02,1.0
73,APHPSSWETL,B*07:02,1.0
74,APIASIHSF,B*07:02,1.0
75,APINFTSRL,B*07:02,1.0
76,APISDIIAI,B*07:02,1.0
77,APLAAGMIAL,B*07:02,1.0
78,APLEDEATL,B*07:02,1.0
79,APLGGTPTL,B*07:02,1.0
80,APLSGPVL,B*07:02,1.0
81,APNGAGLVL,B*07:02,1.0
82,APPQEQKQML,B*07:02,1.0
83,APQGGMAAL,B*07:02,1.0
84,APQLLIVL,B*07:02,1.0
85,APQTSTPSL,B*07:02,1.0
86,APRAGTPGF,B*07:02,1.0
87,APRDWKATL,B*07:02,1.0
88,APRPSTGPHKL,B*07:02,1.0
89,APSAPAAAV,B*07:02,1.0
90,APSASVVLL,B*07:02,1.0
91,APSGESRKFL,B*07:02,1.0
92,APSGGWNGVGASL,B*07:02,1.0
93,APSGIGSIF,B*07:02,1.0
94,APSQQQPML,B*07:02,1.0
95,APSSETGTSL,B*07:02,1.0
96,APSYLARSL,B*07:02,1.0
97,APTLLPEL,B*07:02,1.0
98,APTPIQAL,B*07:02,1.0
99,APTPVPAL,B*07:02,1.0
100,APVGGHIL,B*07:02,1.0
101,ASPKSPTAAL,B*07:02,1.0
102,AVEPGRPPL,B*07:02,1.0
103,AVPAGXXX,B*07:02,1.0
104,EPAPASVTAL,B*07:02,1.0
105,EPRYPPHSL,B*07:02,1.0
106,ETYVPKEF,B*07:02,1.0
107,FPAAPIPTL,B*07:02,1.0
108,FPAEDWAGL,B*07:02,1.0
109,FPAEPLEL,B*07:02,1.0
110,FPAKPGSLTL,B*07:02,1.0
111,FPRDPKRLTP,B*07:02,1.0
112,FPRPVTVEP,B*07:02,1.0
113,GAFLRHAAL,B*07:02,1.0
114,GPAYAFTAL,B*07:02,1.0
115,GPGWRPLLL,B*07:02,1.0
116,GPLYKNGSL,B*07:02,1.0
117,GPMGGGLTL,B*07:02,1.0
118,GPMPQTREHL,B*07:02,1.0
119,GPNVTKITL,B*07:02,1.0
120,GPREALSRL,B*07:02,1.0
121,GPRPGAERL,B*07:02,1.0
122,GPSLAAPAL,B*07:02,1.0
123,HESEQLGSISV,B*07:02,1.0
124,HPPMILPLPL,B*07:02,1.0
125,HPRLVVIVL,B*07:02,1.0
126,IINAARESL,B*07:02,1.0
127,IPADTFAAL,B*07:02,1.0
128,IPAKKYVKL,B*07:02,1.0
129,IPALGGISL,B*07:02,1.0
130,IPFSGALEL,B*07:02,1.0
131,IPFWRNTAV,B*07:02,1.0
132,IPHIHKSL,B*07:02,1.0
133,IPISPSTEV,B*07:02,1.0
134,IPLAKRVAL,B*07:02,1.0
135,IPNNVKTAV,B*07:02,1.0
136,IPYEGFASL,B*07:02,1.0
137,KARDPHSGHFVAL,B*07:02,1.0
138,KPIFSLNTV,B*07:02,1.0
139,KPKMNYEKL,B*07:02,1.0
140,KPNDVSVFTTL,B*07:02,1.0
141,KPSEERVREIIINA,B*07:02,1.0
142,KPYLPSRAL,B*07:02,1.0
143,KVRDPRPWL,B*07:02,1.0
144,KVRYPDRITL,B*07:02,1.0
145,LDPVLQNPL,B*07:02,1.0
146,LGSPAAGTLA,B*07:02,1.0
147,LIMGFLVLGL,B*07:02,1.0
148,LPAAPGKGL,B*07:02,1.0
149,LPASGQIAL,B*07:02,1.0
150,LPDFERESL,B*07:02,1.0
151,LPEKNRQML,B*07:02,1.0
152,LPGGPTLTF,B*07:02,1.0
153,LPIVTPAL,B*07:02,1.0
154,LPQKPHLKL,B*07:02,1.0
155,LPRELSKQV,B*07:02,1.0
156,LPSAPGVVL,B*07:02,1.0
157,LPSGAILSL,B*07:02,1.0
158,LPSKPYSTL,B*07:02,1.0
159,LPSNLPQL,B*07:02,1.0
160,LPSPEGLSL,B*07:02,1.0
161,LPSSPPDAL,B*07:02,1.0
162,LPSSVISAI,B*07:02,1.0
163,LPTGSTPL,B*07:02,1.0
164,LPVASSSTL,B*07:02,1.0
165,LPYAGDVSM,B*07:02,1.0
166,LQAPVLVA,B*07:02,1.0
167,MPANSGLAL,B*07:02,1.0
168,MPDSAAAL,B*07:02,1.0
169,MPGALPSL,B*07:02,1.0
170,MPRWAERL,B*07:02,1.0
171,MPTIPALAL,B*07:02,1.0
172,MVRRFLVTL,B*07:02,1.0
173,NPRDLFGSL,B*07:02,1.0
174,NPRKYLRSV,B*07:02,1.0
175,PARVPHSPQRFA,B*07:02,1.0
176,PASKRPPL,B*07:02,1.0
177,PAWPHRGL,B*07:02,1.0
178,PEAKKPRL,B*07:02,1.0
179,PHLVGPHL,B*07:02,1.0
180,PKRPPSAF,B*07:02,1.0
181,PRPDRLVNRL,B*07:02,1.0
182,PRPSTGPHKL,B*07:02,1.0
183,PSAARHSL,B*07:02,1.0
184,PSRTLFPSL,B*07:02,1.0
185,PSSAPAVST,B*07:02,1.0
186,QPEWLRAEV,B*07:02,1.0
187,QPQNGRMLV,B*07:02,1.0
188,QPQTPIQGTSEL,B*07:02,1.0
189,QPSEVLRTV,B*07:02,1.0
190,QTAAAAAL,B*07:02,1.0
191,QTAPLRAEL,B*07:02,1.0
192,QVDPKKRISM,B*07:02,1.0
193,RASPVRLLSL,B*07:02,1.0
194,RGPLPPLRPL,B*07:02,1.0
195,RIRAAWTRAL,B*07:02,1.0
196,RIRAPIMRM,B*07:02,1.0
197,RPEDRMFHIRA,B*07:02,1.0
198,RPENYREAL,B*07:02,1.0
199,RPFHGISTV,B*07:02,1.0
200,RPGHKPSIL,B*07:02,1.0
201,RPIMFRGEV,B*07:02,1.0
202,RPKAKGGLASL,B*07:02,1.0
203,RPKLNRENF,B*07:02,1.0
204,RPKTGVRGL,B*07:02,1.0
205,RPNGTSAMLLVTL,B*07:02,1.0
206,RPNVQAISSRL,B*07:02,1.0
207,RPRPGTGLGRVMRTL,B*07:02,1.0
208,RPSGSWNGAL,B*07:02,1.0
209,RPVKPELAL,B*07:02,1.0
210,RSGGGFSSGSAGII,B*07:02,1.0
211,RVMGDRSVL,B*07:02,1.0
212,RVPGPPARLGLPL,B*07:02,1.0
213,RVRFLEQQTL,B*07:02,1.0
214,SIRPVSEVTL,B*07:02,1.0
215,SLHHPTLI,B*07:02,1.0
216,SPAGGGAEAL,B*07:02,1.0
217,SPAILPPL,B*07:02,1.0
218,SPAITATL,B*07:02,1.0
219,SPALPSSGA,B*07:02,1.0
220,SPATTGTFL,B*07:02,1.0
221,SPDDPAGLL,B*07:02,1.0
222,SPDLSSLSL,B*07:02,1.0
223,SPDTVSPSL,B*07:02,1.0
224,SPEAVGPEL,B*07:02,1.0
225,SPGDFSISV,B*07:02,1.0
226,SPHATAQGL,B*07:02,1.0
227,SPHGPSAKF,B*07:02,1.0
228,SPHKDSVFL,B*07:02,1.0
229,SPHRPLAGL,B*07:02,1.0
230,SPHSAYTTL,B*07:02,1.0
231,SPIENIQRV,B*07:02,1.0
232,SPIITLVAL,B*07:02,1.0
233,SPIVTSGLIM,B*07:02,1.0
234,SPLGSPEL,B*07:02,1.0
235,SPLPLTAL,B*07:02,1.0
236,SPLSAAAAT,B*07:02,1.0
237,SPMLLVAL,B*07:02,1.0
238,SPPDPARRE,B*07:02,1.0
239,SPPSAARHSL,B*07:02,1.0
240,SPQGLKPVV,B*07:02,1.0
241,SPQPGSAL,B*07:02,1.0
242,SPRPDRALV,B*07:02,1.0
243,SPRPNHSYI,B*07:02,1.0
244,SPSALIWWL,B*07:02,1.0
245,SPSATLAAL,B*07:02,1.0
246,SPSETVSSL,B*07:02,1.0
247,SPSLNREEV,B*07:02,1.0
248,SPSLPTASL,B*07:02,1.0
249,SPSNGVGSL,B*07:02,1.0
250,SPSPGSGSF,B*07:02,1.0
251,SPSPPSVAV,B*07:02,1.0
252,SPSSSATSL,B*07:02,1.0
253,SPTATPRTL,B*07:02,1.0
254,SPTDGLSVM,B*07:02,1.0
255,SPTQLPIL,B*07:02,1.0
256,SPWPGTTL,B*07:02,1.0
257,SPWSISSTM,B*07:02,1.0
258,SSPRLSSSL,B*07:02,1.0
259,SVDGTRTNVYL,B*07:02,1.0
260,SVKSPNQSL,B*07:02,1.0
261,SVRPLVTEL,B*07:02,1.0
262,TAAPPAQPL,B*07:02,1.0
263,TPAALAAL,B*07:02,1.0
264,TPAGVQVIL,B*07:02,1.0
265,TPAPTAGAL,B*07:02,1.0
266,TPARKEISL,B*07:02,1.0
267,TPFPFRTGL,B*07:02,1.0
268,TPHFSGLAA,B*07:02,1.0
269,TPINKRPVL,B*07:02,1.0
270,TPLLMQAL,B*07:02,1.0
271,TPLSTGGTL,B*07:02,1.0
272,TPLYKKKEL,B*07:02,1.0
273,TPMLLRAL,B*07:02,1.0
274,TPSLIRAGSRVA,B*07:02,1.0
275,TVKPLTLEL,B*07:02,1.0
276,VAPGALLGL,B*07:02,1.0
277,VAVPGQPI,B*07:02,1.0
278,VDPNRAVPL,B*07:02,1.0
279,VPAESAAVL,B*07:02,1.0
280,VPDERRYSL,B*07:02,1.0
281,VPGPPARLGL,B*07:02,1.0
282,VPKQPPKTL,B*07:02,1.0
283,VPLGPGQI,B*07:02,1.0
284,VPSAVALVL,B*07:02,1.0
285,VPWKEVLL,B*07:02,1.0
286,VPYSTSASL,B*07:02,1.0
287,WARPLSVSF,B*07:02,1.0
288,YPLRPGPQL,B*07:02,1.0
289,YPNPLPVL,B*07:02,1.0
290,YPTSIASL,B*07:02,1.0
291,YPTSPGPI,B*07:02,1.0
292,YRSGGGFSSGSAGI,B*07:02,1.0
293,YRSGGGFSSGSAGII,B*07:02,1.0
